"","tract","total_population","rev","human_services1","education1","public1","religion1","oth1","arts1","health","total","ndi"
"1","101101",1959,0,0,0,0,0,0,0,0,0,0.0917
"2","101102",4740,0,2,0,0,0,0,1,0,3,-0.0239
"3","101200",2483,8717500,6,1,3,0,3,3,0,13,0.0471
"4","101300",1965,13757526,2,1,0,0,0,0,1,4,0.0364
"5","101400",2056,3603404,3,0,1,1,1,0,1,6,0.0463
"6","101501",2820,0,0,0,0,0,0,0,0,0,0.073
"7","101603",2753,1984781,2,0,0,0,0,0,0,2,0.0929
"8","101700",2616,3951133,0,1,2,0,3,0,0,4,0.0763
"9","101800",2453,111083678,7,0,0,0,1,0,2,10,0.0971
"10","101901",1742,849041,2,0,0,0,0,0,0,2,0.0245
"11","102101",2747,41229,1,0,0,1,0,0,1,3,0.0373
"12","102102",2828,20958,2,1,0,0,0,0,0,3,0.0278
"13","102200",2731,798665,0,0,1,1,1,0,0,2,0.0102
"14","102300",2534,437476,1,0,1,0,1,0,0,2,0.0527
"15","102401",2168,0,0,0,0,0,0,0,0,0,0.0661
"16","102402",3542,0,0,0,0,0,0,0,0,0,0.0883
"17","102700",4066,547883,1,0,1,1,1,0,0,3,0.0853
"18","102800",2182,0,0,1,0,0,0,0,0,1,0.1044
"19","102900",2001,3737716,3,1,1,0,4,1,0,9,0.0817
"20","103100",1171,3512203,6,0,0,0,0,2,0,8,0.0221
"21","103300",2443,3755713,0,0,0,0,0,1,1,2,0.0625
"22","103400",2771,5870769,1,0,1,0,1,0,0,2,0.0535
"23","103500",1782,11606789,1,6,1,0,1,2,1,11,0.0133
"24","103602",3324,9337656,5,1,2,0,9,4,1,20,0.009
"25","103800",1823,46516,0,1,0,0,1,0,0,2,0.0534
"26","103900",2148,4815762,5,1,1,0,1,2,1,10,0.0643
"27","104100",1007,6494008,0,0,1,0,2,2,0,4,0.0788
"28","104200",1094,102655,0,0,0,0,0,1,0,1,0.004
"29","104300",1880,10273594,3,3,5,0,6,0,1,13,-0.0371
"30","104400",1195,211421,2,0,2,0,3,1,0,6,0.0091
"31","104600",1100,7390144,1,2,2,0,3,1,1,8,0.0626
"32","104800",1918,9406997,0,1,2,0,2,1,1,5,0.0428
"33","104900",2409,0,0,0,0,0,0,1,0,1,0.0869
"34","105100",4001,12312276,1,0,0,0,2,0,1,4,0.073
"35","105300",2810,10787,0,0,0,0,2,0,0,2,0.0809
"36","105400",3386,199141,2,0,0,0,2,1,1,6,0.0589
"37","105500",2116,0,0,0,0,0,0,0,0,0,0.0751
"38","105602",2570,3532069,0,0,1,0,3,0,0,3,0.091
"39","105700",4302,3402458,0,0,0,0,1,1,0,2,0.0546
"40","105900",3437,1155774,0,0,1,0,4,2,0,6,0.0198
"41","106100",3762,0,0,0,1,0,1,0,0,1,-0.003
"42","106200",3875,0,2,0,0,1,2,0,0,5,0.0106
"43","106300",2971,7419785,1,0,0,1,2,1,0,5,0.0292
"44","106400",1099,0,0,0,0,0,0,0,0,0,0.0247
"45","106500",2509,3928487,0,1,0,1,0,2,0,4,-0.0043
"46","106600",3672,2089177,1,1,1,1,2,0,0,5,0.0362
"47","106800",2757,839351,1,0,3,0,3,1,1,6,0.0643
"48","106900",3711,164543,2,0,0,0,1,0,0,3,0.0049
"49","107000",1686,140,0,0,2,0,3,0,0,3,-0.0316
"50","107101",4598,103010568,12,1,6,0,7,5,1,26,-0.0386
"51","107701",2468,421754264,37,15,58,5,75,10,11,153,-0.0228
"52","107802",4342,188878287,31,9,14,1,19,11,3,74,0.0629
"53","108201",1433,10198337,3,3,2,0,2,3,1,12,0.0278
"54","108301",1476,57703445,15,5,6,0,12,1,3,36,0.0267
"55","108400",1234,28268,1,0,1,0,1,0,0,2,0.0891
"56","108701",4168,148015498,22,6,14,0,18,2,8,56,0.166
"57","109301",1094,48762815,4,1,1,0,2,1,6,14,0.0981
"58","109701",2521,0,1,0,1,0,1,0,0,2,0.2125
"59","109801",2157,0,0,0,0,0,0,0,0,0,0.1908
"60","110501",729,7836108,2,2,0,0,0,1,1,6,0.0802
"61","110801",1216,15096250,5,3,0,0,1,0,0,9,0.0917
"62","110901",3089,4117067,3,1,0,0,0,1,0,5,0.0914
"63","111202",1219,7405165,3,1,2,0,3,1,0,8,0.0579
"64","111401",1137,0,0,0,0,1,0,0,0,1,0.1114
"65","111500",888,14275669,1,2,2,0,2,0,0,5,0.046
"66","111600",883,0,0,0,0,0,0,0,0,0,0.1167
"67","111700",1222,0,0,0,0,0,0,0,0,0,0.1055
"68","111800",808,569652,0,0,0,0,0,0,1,1,0.099
"69","111902",823,1736560,0,0,1,0,1,0,1,2,0.1275
"70","112100",1874,15668158,8,0,0,0,0,0,0,8,0.1189
"71","112200",1086,0,0,0,0,0,0,0,0,0,0.0876
"72","112301",1465,232367,2,0,0,0,0,1,0,3,0.1282
"73","112400",1128,904780,0,0,1,0,1,0,0,1,0.031
"74","112500",1389,0,0,0,0,0,0,0,0,0,0.0897
"75","112600",999,22500,0,0,1,0,1,0,1,2,0.1389
"76","112800",1067,5827,1,0,0,0,0,0,0,1,0.0803
"77","113101",708,7544382602,7,2,3,0,4,4,6,23,0.0835
"78","113500",1074,1665870,1,0,2,0,2,1,0,4,0.0795
"79","113600",834,0,0,0,0,0,0,0,0,0,0.0569
"80","113801",1920,362351,1,0,1,0,1,0,0,2,0.1395
"81","114100",829,0,0,0,0,0,0,0,0,0,0.1207
"82","114300",1649,0,0,0,0,0,0,0,0,0,0.1935
"83","114501",884,5857785,0,1,1,0,1,0,0,2,0.0826
"84","114600",1208,0,0,0,0,0,0,0,0,0,0.0644
"85","114700",499,2406377,1,0,0,0,0,0,0,1,0.1714
"86","114900",1950,0,0,0,0,0,0,1,0,1,0.0979
"87","115100",1197,40130,0,0,1,0,1,0,0,1,0.091
"88","115200",1026,0,0,0,0,0,1,0,0,1,0.1009
"89","115300",750,37328,1,0,0,0,0,0,0,1,0.0995
"90","115400",1586,389891,1,0,1,0,1,2,0,4,0.0596
"91","115700",1387,2889698,1,1,0,0,0,0,0,2,0.0555
"92","115800",3108,154396,0,0,1,0,3,0,0,3,0.0761
"93","115900",3995,0,0,0,0,1,0,0,0,1,0.0492
"94","116100",831,1961514,2,2,1,0,1,0,0,5,0.0945
"95","116200",828,0,0,0,0,0,0,0,0,0,0.0348
"96","116300",1674,0,0,0,0,0,0,0,0,0,0.059
"97","116400",2918,0,0,0,0,0,0,1,1,2,0.1046
"98","116500",1914,8664924,2,1,0,0,0,0,0,3,0.0803
"99","116600",2344,0,0,0,0,0,0,0,0,0,0.0695
"100","116700",1614,61910,0,0,2,0,2,1,0,3,0.0712
"101","116800",2271,0,0,0,0,0,0,0,1,1,0.0579
"102","116900",1313,0,0,0,0,0,0,0,0,0,0.099
"103","117101",2308,187766,1,0,0,0,0,0,0,1,0.0328
"104","117102",1198,424189,2,0,0,0,0,0,0,2,0.0897
"105","117201",2779,0,0,0,0,0,0,0,0,0,0.0959
"106","117202",1927,83125008,3,0,1,0,3,0,0,6,0.0466
"107","117300",2585,6138676,2,2,0,1,0,0,0,5,0.0777
"108","117400",1690,15472,3,0,0,0,0,0,0,3,0.0943
"109","117500",2827,3552311,1,1,0,1,0,0,0,3,0.0439
"110","117600",2890,1744032,3,1,1,2,2,0,0,8,0.0185
"111","117700",4654,20999127,12,1,3,0,9,4,0,26,0.0033
"112","117800",2226,1376653,1,0,0,0,0,0,0,1,0.0633
"113","117900",2194,0,1,0,0,0,1,1,0,3,0.0552
"114","118101",1902,5669406,0,2,0,0,0,1,0,3,0.0859
"115","118200",1757,64145,0,0,2,0,2,0,0,2,0.0677
"116","118301",2446,104873,2,0,0,0,3,0,0,5,0.062
"117","118400",1442,0,0,0,0,0,0,0,0,0,0.0534
"118","118500",865,0,0,0,0,0,0,0,0,0,0.0506
"119","118602",1836,7465754,2,1,0,0,0,0,0,3,0.1413
"120","118700",3953,293087542,7,11,4,1,6,8,4,37,0.0432
"121","118800",2780,38713787,5,8,3,0,4,5,0,22,0.0169
"122","118900",1743,24005301,2,0,1,0,1,0,3,6,0.0637
"123","119100",145,4100674571,0,7,1,1,1,0,6,15,-0.0078
"124","119202",1093,0,1,0,1,0,1,0,1,3,0.0582
"125","119300",3482,6423226,1,0,2,0,3,0,1,5,0.1179
"126","119401",1817,8086518,2,4,3,0,3,1,2,12,0.0252
"127","119402",1585,6362697,1,4,3,2,3,3,1,14,0.0755
"128","119501",2564,353871,3,2,0,1,0,0,0,6,0.0116
"129","119502",1909,2796278,0,1,0,0,1,6,0,8,0.0328
"130","119600",1714,5624340,1,1,0,2,0,0,0,4,0.0576
"131","119701",1428,153767,1,0,0,0,0,1,0,2,0.0347
"132","119702",1656,0,0,0,0,0,0,0,0,0,0.0904
"133","119800",3026,2332938,2,0,0,1,0,0,1,4,0.0919
"134","119900",1755,1243255,0,0,0,1,0,0,0,1,0.0455
"135","120200",2336,77176,1,0,1,0,1,0,0,2,0.1096
"136","120400",2263,1871556,0,1,0,0,1,0,0,2,0.094
"137","120500",2518,0,0,0,2,0,2,0,0,2,0.0906
"138","120600",2651,302419,1,1,0,0,0,0,0,2,0.0613
"139","120701",1197,21424943,0,0,2,0,2,0,1,3,0.0794
"140","120702",1647,0,1,0,0,1,0,0,0,2,0.0639
"141","120801",2193,0,0,0,0,0,0,0,0,0,0.0448
"142","120802",2298,0,0,0,0,0,1,0,0,1,0.0793
"143","121100",2503,0,0,0,0,0,0,0,0,0,0.0763
"144","121200",1603,4183405,0,1,0,0,0,0,0,1,0.0712
"145","121300",2119,0,0,0,1,2,1,0,0,3,0.0908
"146","121401",1854,5426769,3,1,1,0,1,1,0,6,0.0777
"147","121403",2581,0,0,0,0,0,0,0,0,0,0.0689
"148","121500",2959,511947,1,1,1,1,1,0,0,4,0.0526
"149","121700",3895,66128,2,0,1,0,1,1,0,4,0.0211
"150","121800",1638,6998,2,2,0,0,0,0,1,5,0.0228
"151","121900",1132,0,0,0,0,0,0,0,0,0,0.0401
"152","122100",3480,1852220,3,0,0,1,0,1,0,5,0.0302
"153","122200",1737,0,1,0,1,0,1,1,0,3,0.0491
"154","122300",1604,938421,1,0,0,0,0,0,0,1,0.0422
"155","123100",2583,10594,0,1,1,0,1,1,0,3,-0.0457
"156","123200",3152,150484,1,1,2,0,3,1,0,6,-0.0246
"157","123400",3823,7172516,3,0,2,1,6,0,1,11,-0.0217
"158","123501",3504,535359,3,0,1,0,1,0,2,6,0.0335
"159","123502",2716,139408,0,1,2,1,3,1,1,7,0.0185
"160","123601",3210,51626,0,0,0,0,0,1,0,1,-0.0223
"161","123602",2987,79460,1,1,1,0,1,0,0,3,0.0065
"162","123603",3333,1408067,2,0,4,0,5,1,0,8,-0.0228
"163","123700",2627,1056567,2,0,0,0,0,1,0,3,-0.0165
"164","123800",2339,0,0,0,1,0,1,0,0,1,0.114
"165","123900",2964,0,0,0,0,0,1,0,0,1,0.0205
"166","124100",5246,0,0,1,0,0,0,0,0,1,0.0333
"167","124201",2481,3475701,1,0,0,0,0,1,0,2,0.0066
"168","124202",1718,2338045,0,1,0,0,1,0,0,2,0.0289
"169","124300",4419,63230,1,1,1,0,1,0,0,3,0.0313
"170","124500",3808,1213575,1,2,2,0,2,0,0,5,0.0107
"171","124600",3877,5761294,1,2,0,0,0,0,0,3,0.0317
"172","126100",2907,482118,2,1,0,0,0,0,0,3,0.0136
"173","127501",2861,661357,1,0,1,0,1,0,0,2,0.0685
"174","130103",4387,312200,3,1,4,1,5,0,1,11,-0.059
"175","130104",4123,3499791,11,4,5,2,6,2,2,27,-0.0541
"176","130105",3508,3205058,2,69,0,0,2,0,0,73,-0.0465
"177","130106",3396,218179,4,0,2,0,2,1,0,7,-0.0424
"178","131102",3269,114909223,26,7,5,23,7,383,9,455,-0.0446
"179","131103",4155,3850328,2,3,2,2,2,0,4,13,-0.0548
"180","131104",4362,73010292,3,1,3,1,3,1,0,9,-0.0461
"181","132100",4932,2707437,4,3,2,0,5,0,0,12,4e-04
"182","132200",2783,507543,7,4,2,1,3,2,2,19,-0.0191
"183","132301",3187,8336,1,2,0,0,0,1,0,4,-0.0182
"184","132302",1880,957866,3,0,3,0,3,2,0,8,0.02
"185","133103",3585,860352,5,1,0,0,1,3,0,10,0.0224
"186","133104",2568,0,1,0,1,0,3,0,0,4,0.0295
"187","134100",1424,91065,0,0,1,1,2,1,0,4,-0.0178
"188","134203",3508,785958,2,1,1,1,2,1,0,7,-0.0421
"189","134204",4300,516458,2,0,1,1,2,0,2,7,0.0076
"190","134205",2668,0,0,0,0,0,0,0,0,0,-0.0367
"191","134206",3020,0,1,0,0,0,1,0,0,2,-0.0285
"192","134300",4029,150175068,6,14,6,2,14,4,1,41,-0.0112
"193","135103",2175,322563,2,1,2,1,3,1,0,8,-0.04
"194","135104",4189,1336826,1,1,0,1,1,1,2,7,-0.0522
"195","135105",5808,366968498,9,2,4,0,7,7,4,29,-0.0423
"196","135106",1298,727864,4,0,5,0,5,0,2,11,-0.0522
"197","136101",5652,0,2,2,1,0,1,0,0,5,-0.0411
"198","136102",7712,1441238,5,1,1,0,7,5,1,19,-0.0505
"199","136103",5893,11783192,5,2,3,0,4,4,3,18,-0.0379
"200","137101",2325,367399340,19,19,4,7,19,5,1,70,0.0045
"201","137102",4381,320212,1,1,2,0,5,0,0,7,-0.0121
"202","137103",4230,0,0,0,0,0,0,0,0,0,-0.0231
"203","138105",1183,0,0,0,0,0,1,0,0,1,0.0216
"204","138106",3344,19862338,5,0,3,0,7,3,1,16,-0.0068
"205","138107",2030,119015,2,0,2,0,2,0,0,4,-0.0105
"206","138108",4112,0,0,0,0,0,1,0,0,1,-0.0073
"207","138109",4018,9011044,5,0,3,1,3,1,0,10,-0.0127
"208","138110",4188,0,1,0,0,0,0,0,0,1,-0.0165
"209","140100",1410,0,2,0,0,0,0,0,0,2,-0.0072
"210","140301",2657,1903520,1,0,0,1,0,0,0,2,0.0466
"211","140302",2429,1674118,3,0,1,0,1,0,0,4,-0.0065
"212","140400",2513,484698,1,0,2,0,2,2,0,5,-8e-04
"213","140500",3616,160916,2,2,0,0,0,4,0,8,0.0233
"214","140600",1002,145703,0,0,1,0,1,2,0,3,-0.005
"215","140701",2565,16607960,3,2,1,0,5,2,0,12,0.0285
"216","140702",1745,6513033,1,2,0,2,1,0,0,6,0.0105
"217","140800",3690,1706348,5,4,3,4,9,4,3,29,-0.0043
"218","140900",1980,368432,0,1,1,1,1,0,0,3,0.0018
"219","141000",1025,164784,0,0,0,0,1,0,0,1,0.059
"220","141100",4179,241574,4,0,0,0,0,1,1,6,-0.024
"221","141200",3204,1216294,0,2,1,0,1,3,0,6,-0.0404
"222","141300",2874,2352329,2,3,1,1,1,2,1,10,-0.0394
"223","141400",2476,1178204,4,1,1,0,1,1,1,8,-0.0536
"224","141500",1707,534048,1,0,0,1,0,1,0,3,-0.0422
"225","141601",1572,5053580,2,2,4,1,5,0,0,10,-0.0478
"226","141602",1510,436531,2,1,0,1,0,2,0,6,-0.0031
"227","141700",1417,1442,0,1,1,0,1,2,0,4,-0.0484
"228","150100",2157,0,1,0,1,0,1,0,0,2,0.0648
"229","150300",1566,0,0,0,0,0,0,0,0,0,0.0673
"230","150400",1660,250,1,1,0,0,0,0,0,2,0.1119
"231","151100",1386,0,1,0,0,0,0,0,0,1,0.0869
"232","151200",1678,0,0,0,0,0,0,0,0,0,0.0623
"233","151300",2104,1892559,4,0,1,0,1,0,0,5,0.0477
"234","151400",1364,44936,1,0,0,0,0,0,1,2,0.0463
"235","151500",1306,0,0,0,0,2,0,0,0,2,0.0784
"236","151600",1391,0,0,0,0,0,0,0,0,0,0.0644
"237","151700",1107,94000,1,0,0,0,0,0,0,1,0.0545
"238","151800",1694,0,0,1,0,0,0,0,0,1,0.0847
"239","152101",2493,86575,4,1,0,0,1,1,0,7,-0.0355
"240","152102",4267,249804,4,2,0,1,0,0,0,7,0.0134
"241","152201",2910,78576,0,0,0,0,0,1,0,1,0.0179
"242","152202",4221,3783830,4,1,2,0,2,1,0,8,0.0117
"243","152301",2797,0,0,0,0,0,0,0,0,0,-0.0021
"244","152302",4474,38576,1,0,0,0,3,0,0,4,-0.0048
"245","152303",3529,479130,2,0,6,0,8,1,1,12,-4e-04
"246","152400",1739,135153,1,0,2,0,4,1,1,7,-0.0013
"247","152501",3528,26886,0,0,1,0,2,0,0,2,-0.0159
"248","152502",2397,10873426,5,2,2,0,3,0,0,10,0.0391
"249","152603",1094,50686,1,0,0,0,0,1,0,2,0.0129
"250","152604",3928,8002,2,1,0,0,1,0,0,4,0.0372
"251","152701",2225,0,0,1,0,0,0,0,0,1,0.0637
"252","152702",2299,11620477,3,0,0,0,0,0,0,3,-0.004
"253","152703",1914,7923925,0,0,1,0,1,1,1,3,-0.0248
"254","153103",2380,1765437,8,2,4,0,4,1,0,15,-0.0335
"255","153104",3101,0,2,0,1,0,1,0,0,3,-0.0304
"256","153105",3906,22399,2,0,1,0,1,1,0,4,-0.0261
"257","153106",3669,2236949,7,3,5,0,5,0,4,19,-0.0352
"258","153107",3417,0,1,0,1,0,1,3,0,5,-0.0287
"259","154100",2020,421317,2,0,1,1,1,1,0,5,0.02
"260","154200",1218,0,0,0,0,0,1,0,1,2,-0.0081
"261","154300",1068,0,0,0,0,0,0,0,0,0,0.0536
"262","154400",2970,92649,1,0,0,0,0,1,0,2,0.0258
"263","154501",3285,20814265,3,3,2,0,4,1,1,12,0.0067
"264","154502",3000,0,1,1,0,0,0,0,0,2,1e-04
"265","154601",4777,18236029,3,0,0,0,1,0,0,4,0.0059
"266","154603",3262,3842,0,0,0,0,0,2,1,3,-0.0126
"267","154604",4022,13548,1,0,0,1,1,0,0,3,-0.0019
"268","154700",2585,5734291,4,0,1,0,1,0,0,5,0.0662
"269","155101",5203,169806,6,4,1,2,3,0,3,18,-0.0456
"270","155102",3163,134861,0,3,1,0,1,1,0,5,-0.0324
"271","156101",1355,75493392,15,6,11,63,19,1,11,115,-0.0472
"272","156102",5760,45552723,4,4,2,1,3,4,6,22,-0.0454
"273","160100",1853,1363145,3,0,1,0,1,0,0,4,-0.059
"274","160200",2289,0,0,1,0,0,0,1,0,2,-0.0342
"275","160300",1748,4562804,0,2,1,0,1,0,1,4,-0.0308
"276","160400",3252,1658157,0,0,1,0,7,4,1,12,-0.0246
"277","160500",3740,65817,0,1,1,0,2,0,0,3,-0.0329
"278","160601",5101,0,4,1,0,1,0,1,0,7,-0.0191
"279","160602",2933,218104,1,0,0,0,0,0,0,1,0.0105
"280","160700",1534,3302173,1,0,0,0,0,0,0,1,-0.0194
"281","160800",993,3864374,0,0,0,1,1,1,0,3,-0.0348
"282","160900",3851,1064485,1,3,0,1,2,0,0,7,-0.0313
"283","161000",1751,0,1,1,1,1,1,0,0,4,-0.0341
"284","161100",3622,192878,2,2,1,0,1,0,0,5,-0.0373
"285","161200",2698,0,0,1,0,1,1,2,0,5,-0.0274
"286","161300",2987,2129074,9,1,6,0,8,7,0,25,-0.0161
"287","161400",3127,782545,2,0,0,0,0,1,0,3,-0.0225
"288","161500",3779,3843,0,1,0,0,1,0,1,3,-0.0184
"289","161600",2112,0,1,0,0,0,1,0,0,2,0.0045
"290","161700",2146,0,0,0,0,0,0,0,0,0,0.0427
"291","161800",1350,63157,1,0,0,0,0,0,0,1,0.0667
"292","170101",2733,261992,4,1,0,0,0,0,1,6,-0.0417
"293","170102",5203,61652,1,1,1,1,2,0,0,5,-0.0377
"294","170201",2108,8894172,4,3,1,0,1,1,1,10,-0.0443
"295","170202",3692,230115,2,1,0,0,7,0,0,10,-0.0476
"296","171102",4726,8643518,2,2,1,0,1,0,1,6,0.0205
"297","171103",3886,575760,2,2,2,2,2,0,0,8,0.0169
"298","171104",4733,0,0,1,1,0,1,2,0,4,0.0429
"299","171203",2677,0,1,0,0,0,0,0,0,1,0.0074
"300","171204",1963,0,0,0,1,0,3,0,0,3,0.0111
"301","171205",2369,0,1,1,0,1,0,0,0,3,-0.0065
"302","171206",2331,0,3,2,0,0,0,0,0,5,-0.0072
"303","172101",2510,90476,1,0,1,0,4,0,0,5,-0.0264
"304","172102",3609,59085,0,1,0,2,0,2,0,5,-0.0245
"305","172103",4767,1649745,1,1,0,2,2,0,0,6,-0.0219
"306","172201",3606,582954,3,4,1,1,3,2,0,13,-0.0212
"307","172202",4386,314783093,4,2,2,0,7,0,0,13,-0.0186
"308","173103",2803,0,0,0,0,1,0,0,0,1,-0.0253
"309","173104",4289,189375,4,0,1,1,1,2,0,8,-0.03
"310","173105",2546,0,0,0,0,0,0,0,0,0,-0.0379
"311","173106",3752,167858,1,0,1,2,2,1,0,6,-0.0415
"312","173107",2334,341932479,5,2,4,2,4,1,4,18,-0.0241
"313","174103",3083,8141653,5,1,4,0,5,0,1,12,-0.031
"314","174104",2260,32683,1,0,0,0,1,0,0,2,-0.0312
"315","174105",2861,0,1,1,0,0,0,0,0,2,-0.0467
"316","174106",2876,206584,1,0,0,1,3,0,0,5,-0.0419
"317","174107",3950,33705,1,1,1,0,1,2,0,5,-0.0306
"318","174203",2971,301181,2,1,1,0,1,1,0,5,-0.0428
"319","174204",3916,198261,3,2,0,0,0,0,0,5,-0.0364
"320","174205",4828,78536340,4,1,0,0,7,1,0,13,-0.0268
"321","174206",2103,840210,8,1,2,0,3,1,1,14,-0.0135
"322","174207",3260,0,1,0,0,0,0,0,0,1,-0.0077
"323","175103",7024,404093,3,1,2,0,3,1,0,8,-0.0264
"324","175104",6230,16125754,11,4,3,3,5,0,1,24,-0.0354
"325","175105",4541,538334,2,1,3,2,4,1,0,10,-0.0355
"326","175106",3007,0,1,0,0,0,0,0,0,1,-0.0447
"327","175201",6307,682437,2,0,1,1,3,0,0,6,-0.038
"328","175202",3193,76761,2,3,0,0,2,1,0,8,-0.0358
"329","176100",2266,648453,1,1,1,0,1,2,0,5,-0.0366
"330","176200",5571,138,4,0,0,0,1,1,0,6,-0.035
"331","177101",4104,21071083,6,1,3,0,8,0,0,15,-0.0033
"332","177103",3967,0,0,0,2,0,2,0,0,2,0.013
"333","177104",3351,185649,2,0,2,0,5,2,1,10,-0.0067
"334","177201",4039,892897,0,0,1,0,1,1,0,2,-0.0106
"335","177202",3299,29523,0,0,0,0,1,0,0,1,-0.0124
"336","177302",2419,7195427,3,1,1,1,1,0,0,6,-0.02
"337","177303",4732,1584042,16,0,1,0,3,1,1,21,-0.0055
"338","177304",3434,14615519,2,7,2,1,2,2,0,14,4e-04
"339","177403",3281,0,2,1,0,0,0,0,0,3,-0.0274
"340","177404",2778,0,0,0,0,0,0,0,0,0,-0.0184
"341","177405",4602,0,1,0,0,1,0,0,0,2,-0.0238
"342","177406",4130,0,2,0,2,0,2,0,0,4,-0.0073
"343","177501",4141,79885,3,0,0,0,2,1,0,6,-0.0131
"344","177503",3403,473485,1,0,4,1,4,3,0,9,-0.0355
"345","177504",3856,12740,2,0,1,0,2,1,0,5,-0.025
"346","177505",4412,33531,2,0,2,0,2,2,0,6,-0.0324
"347","177604",2062,0,0,0,0,0,1,0,0,1,-0.023
"348","177605",2700,42176,2,0,0,0,1,0,0,3,-0.0288
"349","177606",3762,39644,3,0,1,0,1,0,1,5,-0.0208
"350","177607",4065,362306,0,0,3,0,3,1,0,4,-0.0128
"351","177608",5585,5032875,3,3,3,0,5,2,0,13,-0.016
"352","177609",1966,0,0,0,1,0,3,0,0,3,-0.0375
"353","178101",2684,131562,3,1,0,0,1,1,0,6,-0.0079
"354","178102",4569,111006,2,0,0,0,2,1,0,5,-0.0215
"355","178201",3288,163681,1,2,0,1,1,0,0,5,-0.0125
"356","178204",4828,0,0,0,0,1,0,0,0,1,0.0091
"357","178205",2103,19172,1,0,0,0,0,0,0,1,-0.0294
"358","178206",2839,19485,0,0,0,0,0,0,1,1,-0.034
"359","179101",3103,46600097,9,2,3,1,3,2,5,22,-0.0526
"360","179102",3047,44198643,3,3,6,1,7,3,3,20,-0.0589
"361","180102",3986,524691,3,2,0,2,2,0,0,9,-0.0273
"362","180103",3694,284712,6,2,1,2,3,1,0,14,-0.0207
"363","180104",2796,9926442,2,1,0,0,3,0,0,6,0.0184
"364","181100",6312,12841363,7,3,5,1,10,3,2,26,-0.0549
"365","181201",5699,9515013,6,7,0,0,1,2,2,18,-0.0331
"366","181203",3168,538498,2,1,1,0,2,0,1,6,-0.0458
"367","181204",5032,2329863,5,1,5,1,6,2,0,15,-0.0332
"368","182103",2497,269779,0,1,1,0,1,1,0,3,-0.0433
"369","182104",2542,0,1,0,0,0,1,0,0,2,-0.036
"370","182105",3603,145250,4,2,1,0,2,0,0,8,-0.0487
"371","182106",3055,20446,3,0,1,0,2,2,0,7,-0.0377
"372","183100",2931,4463288,2,5,0,2,0,3,1,13,-0.032
"373","183200",2370,2049091,3,2,1,0,1,3,1,10,-0.0664
"374","183300",4305,108718853,5,7,1,0,1,3,4,20,-0.0621
"375","183401",2149,1457857,2,3,0,2,0,1,1,9,-0.0433
"376","183402",1412,0,0,0,0,0,0,0,0,0,-0.0244
"377","183501",3269,46274393,6,4,3,2,4,6,1,23,-0.033
"378","183502",3540,2008375,4,2,1,0,2,1,0,9,-0.0362
"379","183603",1394,0,1,0,1,0,1,0,0,2,0.0227
"380","183604",2023,0,2,0,1,1,1,1,0,5,-0.0044
"381","183605",2734,525910751,0,4,2,2,2,5,6,19,-0.0376
"382","183606",1646,42808451,2,1,2,0,2,1,5,11,-0.0204
"383","184103",3954,0,0,1,2,1,2,0,2,6,-0.0597
"384","184104",1779,54547765,14,4,6,1,12,3,1,35,-0.0345
"385","184105",4691,155737,2,0,0,1,0,1,0,4,-0.0355
"386","184106",2303,140488,1,1,1,0,2,1,0,5,-0.0204
"387","184108",7369,432063,6,4,2,0,2,5,1,18,-0.0496
"388","185101",2596,0,1,0,1,0,2,1,0,4,-0.0069
"389","185102",2655,11776,0,3,1,0,1,0,1,5,-0.0153
"390","185103",2181,197775,4,1,2,2,4,1,1,13,-0.0111
"391","185104",3985,374087,2,4,1,0,3,0,1,10,-0.0369
"392","185201",1640,0,0,1,0,0,0,0,0,1,-0.0183
"393","185202",4954,0,1,2,1,0,1,0,0,4,-0.0096
"394","185203",3854,51269540,1,5,0,1,2,1,2,12,-0.0365
"395","186103",4169,5162521,9,3,4,0,5,0,0,17,-0.0486
"396","186104",2598,258451,2,1,1,0,1,1,0,5,-0.0347
"397","186105",3558,0,0,1,0,0,0,0,0,1,-0.0483
"398","186106",4940,4910066,9,2,8,2,10,4,0,27,-0.0138
"399","186107",5959,17127022,6,0,3,1,4,3,0,14,-0.0483
"400","186201",6002,18043531,2,0,3,0,4,1,2,9,-0.0389
"401","186202",4533,224241,2,0,1,0,1,1,0,4,-0.0527
"402","186203",3589,105836,3,0,0,0,0,0,2,5,-0.0454
"403","186205",5103,720239,3,1,2,0,2,1,0,7,-0.0431
"404","186206",4171,82293,1,0,0,0,2,1,2,6,-0.05
"405","187103",2785,777592,3,0,0,1,0,0,1,5,-0.0246
"406","187104",3251,0,0,0,0,1,0,1,1,3,-0.0455
"407","187105",3122,160224017,2,13,1,0,2,1,0,18,-0.0345
"408","187106",4115,260900,1,0,0,4,0,1,0,6,-0.03
"409","188103",3429,0,0,1,0,0,0,1,2,4,0.0088
"410","188104",1550,168779,1,0,0,1,0,0,0,2,0.0071
"411","188105",3544,5203108,0,1,1,0,1,0,1,3,0.0355
"412","188106",2405,270186,0,0,0,0,0,0,1,1,0.0151
"413","188107",2355,33246833,4,1,1,0,1,0,3,9,0.0337
"414","189105",4009,9245575,14,5,7,1,7,1,1,29,-0.041
"415","189107",4825,1297598,9,2,5,2,11,3,0,27,-0.0464
"416","189108",5072,3066803,8,4,3,2,3,0,2,19,-0.047
"417","189109",3440,89753,2,2,0,0,0,0,2,6,-0.0434
"418","189110",4389,1412816,5,0,4,0,4,1,2,12,-0.0271
"419","189111",6908,4868704,6,1,2,0,3,5,1,16,-0.0516
"420","189112",3765,158043,2,0,0,0,0,1,0,3,-0.0451
"421","190502",1998,23032102,9,3,3,1,4,1,2,20,-0.0208
"422","190503",1602,35764,3,0,0,0,0,0,0,3,-0.0511
"423","190504",10687,81371,3,2,0,1,0,2,0,8,-0.0462
"424","192300",1603,22652218,12,0,9,0,14,2,0,28,-0.0273
"425","192800",1203,3690272,5,0,0,0,2,1,0,8,-0.0571
"426","192900",1974,117484755,16,1,7,0,10,0,0,27,-0.0361
"427","193800",998,0,1,0,0,0,0,0,0,1,0.0098
"428","193900",977,11492203,1,1,1,0,1,0,0,3,0.0255
"429","194100",2236,53746,2,0,1,0,2,0,0,4,-0.0348
"430","194300",3401,205061,1,1,3,0,4,2,0,8,-0.0462
"431","194500",2229,48478334,2,1,1,1,5,4,1,14,-0.0527
"432","194800",847,1122916,0,0,4,0,4,1,0,5,-0.0138
"433","194900",3288,5077109,2,1,1,1,2,2,0,8,-0.0528
"434","195600",4487,0,2,0,0,0,0,0,0,2,-0.0107
"435","195700",4813,5080,1,0,1,0,3,0,2,6,-0.0044
"436","195800",3894,0,3,3,0,0,0,1,0,7,-0.0541
"437","195900",4147,5252764,8,6,3,0,11,3,3,31,-0.0489
"438","196000",1589,3415843,3,5,1,1,1,2,0,12,-0.0314
"439","196100",2472,882306,2,2,3,0,4,1,0,9,0.0207
"440","196200",4048,0,1,1,1,0,4,1,0,7,0.0739
"441","196300",3956,21877745,6,2,3,0,4,2,0,14,-0.0555
"442","196400",2920,0,0,0,1,0,1,0,0,1,0.0736
"443","196500",1492,180,2,1,0,0,0,0,0,3,0.087
